{
  "timestamp": "2025-12-12 15:23:58",
  "file": "C:\\Users\\kundai\\Documents\\foundry\\maxwell\\poincare\\results\\panels\\panel_unified_ensemble.png",
  "molecules": [
    {
      "S_k": 1.0,
      "S_t": 0.9999912190375131,
      "S_e": 0.9953231811523438,
      "frequency": 36250999538995.33,
      "phase": 6.2802887293702625
    },
    {
      "S_k": 1.0,
      "S_t": 0.9999999615609552,
      "S_e": 0.4638671875,
      "frequency": 8280901001409464.0,
      "phase": 0.008855917286751946
    },
    {
      "S_k": 1.0,
      "S_t": 0.999999963268475,
      "S_e": 0.810546875,
      "frequency": 8665850993121810.0,
      "phase": 6.239968368358781
    }
  ]
}