{
  "timestamp": "2025-12-12 19:04:02",
  "experiments": {
    "categorical_space": {
      "n_states": 200,
      "completion_attempts": 200,
      "successful_completions": 200,
      "completion_rate": 1.0,
      "trajectory_length": 200,
      "trajectory_s_coords": [
        [
          0.6064290596595899,
          0.009197051616629648,
          0.1014715428660321
        ],
        [
          0.7080725777960455,
          0.020584494295802447,
          0.9699098521619943
        ],
        [
          0.3701587002554444,
          0.015456616528867428,
          0.9283185625877254
        ],
        [
          0.969878826707639,
          0.04315991195057611,
          0.8911431136980711
        ],
        [
          0.6635017691080558,
          0.005061583846218687,
          0.16080805141749865
        ],
        [
          0.10789142699330445,
          0.03142918568673425,
          0.6364104112637804
        ],
        [
          0.2848404943774676,
          0.036886947354532795,
          0.6095643339798968
        ],
        [
          0.1959828624191452,
          0.045227288910538066,
          0.32533033076326434
        ],
        [
          0.8660638895004084,
          0.04521867010618941,
          0.026366974497252005
        ],
        [
          0.5026790232288615,
          0.05147875124998935,
          0.27864646423661144
        ],
        [
          0.11607264050691624,
          0.04600264202175275,
          0.040728802318970136
        ],
        [
          0.3046137691733707,
          0.09767211400638387,
          0.6842330265121569
        ],
        [
          0.7062422271564962,
          0.08134878064189976,
          0.08483771408519192
        ],
        [
          0.24014561877819307,
          0.07586332810866392,
          0.12887972191064923
        ],
        [
          0.49442030470258147,
          0.057558760016644284,
          0.5495288823237355
        ],
        [
          0.70096913145912,
          0.07276300636419353,
          0.8218600592903562
        ],
        [
          0.22879816549162246,
          0.07697990982879299,
          0.289751452913768
        ],
        [
          0.9053819764192637,
          0.09128667678613356,
          0.31931363759041487
        ],
        [
          0.570061170089365,
          0.09717649377076854,
          0.6150072266991697
        ],
        [
          0.375582952639944,
          0.093981939840869,
          0.578280140996174
        ],
        [
          0.24185229090045168,
          0.09310276780589921,
          0.8972157579533268
        ],
        [
          0.906354385094736,
          0.11119748230615134,
          0.49262510429085915
        ],
        [
          0.06936130087516545,
          0.10077800137742665,
          0.018221825651549728
        ],
        [
          0.6182180633162611,
          0.10112267612279024,
          0.08410680611499743
        ],
        [
          0.7545428740846823,
          0.10312386883593261,
          0.9025529066795667
        ],
        [
          0.4401524937396013,
          0.12203823484477883,
          0.4951769101112702
        ],
        [
          0.3410663510502585,
          0.11347352124058907,
          0.9246936182785628
        ],
        [
          0.3584657285442726,
          0.11586905952512971,
          0.8631034258755935
        ],
        [
          0.40348286621239704,
          0.13401522845064073,
          0.028782676313338973
        ],
        [
          0.11881791626807192,
          0.11752624677710488,
          0.6492103021160636
        ],
        [
          0.11706701642760586,
          0.14299168205283586,
          0.7615106317174722
        ],
        [
          0.21296416150891073,
          0.13637147558676976,
          0.014544665667881929
        ],
        [
          0.9900538501042633,
          0.14008401523652403,
          0.5183296523637367
        ],
        [
          0.5986584841970366,
          0.15601864044243652,
          0.15599452033620265
        ],
        [
          0.17231987120162984,
          0.19228901880867078,
          0.04086861626647886
        ],
        [
          0.12804583895777244,
          0.15190269351229435,
          0.13882717264941014
        ],
        [
          0.6408747448032146,
          0.18188008439914483,
          0.3456672833238632
        ],
        [
          0.6075448519014384,
          0.17052412368729153,
          0.06505159298527952
        ],
        [
          0.08413996499504883,
          0.16162871409461377,
          0.8985541885270792
        ],
        [
          0.6451727904094499,
          0.17436642900499144,
          0.690937738102466
        ],
        [
          0.6847311725538793,
          0.1626169393448913,
          0.9109271844938425
        ],
        [
          0.5467102793432796,
          0.18485445552552704,
          0.9695846277645586
        ],
        [
          0.2773811829811327,
          0.1881211597237613,
          0.46369840493998216
        ],
        [
          0.877339353380981,
          0.2579416277151556,
          0.659984046034179
        ],
        [
          0.11005192452767676,
          0.22793516254194168,
          0.4271077886262563
        ],
        [
          0.15643704267108605,
          0.25024289816459533,
          0.5492266647061205
        ],
        [
          0.8324426408004217,
          0.21233911067827616,
          0.18182496720710062
        ],
        [
          0.9082658859666537,
          0.23956189066697242,
          0.1448948720912231
        ],
        [
          0.3567533266935893,
          0.28093450968738076,
          0.5426960831582485
        ],
        [
          0.13949386065204183,
          0.29214464853521815,
          0.3663618432936917
        ]
      ]
    },
    "equivalence_classes": {
      "n_classes": 10,
      "class_sizes": {
        "3": 24,
        "5": 21,
        "0": 19,
        "7": 20,
        "8": 23,
        "1": 23,
        "4": 11,
        "6": 24,
        "9": 19,
        "2": 16
      },
      "mean_degeneracy": 21.1,
      "std_degeneracy": 3.4655446902326914,
      "mean_richness": 6.152829134536226,
      "degeneracy_distribution": [
        24,
        21,
        19,
        20,
        23,
        23,
        11,
        23,
        11,
        21,
        24,
        19,
        24,
        11,
        19,
        24,
        21,
        20,
        21,
        23,
        24,
        24,
        23,
        19,
        19,
        20,
        24,
        24,
        24,
        24,
        23,
        21,
        21,
        23,
        24,
        16,
        16,
        23,
        24,
        23,
        23,
        23,
        23,
        21,
        23,
        24,
        24,
        16,
        16,
        21
      ],